vehicle_type,brand,fuel_type,vehicle_age,days_since_last_service,daily_usage_km,total_km_driven,service_history,road_type,traffic_level,weather_condition,engine_overheating,abnormal_sound,starting_trouble,brake_issue,smoke,vibration,engine_temperature,battery_voltage,oil_level,tire_pressure,fuel_efficiency,battery_health,charging_cycles,motor_efficiency,breakdown_risk
2,10,1,5,6,7,146278,2,2,3,4,0,0,1,0,1,0,71,13.2,3,31,24,0,0,0,0
1,3,2,10,98,27,87033,1,2,3,3,1,1,1,1,1,0,96,12.8,1,37,5,0,0,0,1
4,3,1,1,294,96,52466,2,2,1,3,1,0,1,1,0,0,87,12.4,3,36,13,0,0,0,1
3,8,1,12,256,6,136436,1,1,2,4,1,1,1,1,1,1,74,10.3,1,25,25,0,0,0,1
3,8,3,12,183,84,148625,3,1,2,2,0,0,0,1,1,0,77,10.0,3,38,5,2,225,79,1
1,3,1,10,18,94,145756,1,3,2,4,0,0,1,0,0,1,66,11.1,2,33,12,0,0,0,1
1,8,2,15,164,49,149557,2,1,2,3,0,1,0,1,0,0,71,13.1,2,22,9,0,0,0,1
3,5,2,7,265,53,28124,3,2,1,1,1,0,0,1,0,0,118,10.7,2,35,15,0,0,0,1
2,3,3,11,248,20,53646,2,3,3,2,1,0,0,1,0,0,118,12.3,2,24,18,1,940,85,1
3,6,3,11,221,9,97395,1,1,1,1,0,1,1,1,1,0,61,10.9,2,26,22,2,916,97,1
3,5,1,6,276,70,108907,2,3,3,3,0,1,1,0,1,1,117,10.4,3,32,13,0,0,0,1
1,2,3,15,98,13,20292,1,2,1,2,0,0,1,1,0,0,77,12.0,1,20,21,3,525,74,1
1,6,1,12,197,47,87065,2,3,3,4,0,0,1,0,0,1,98,13.3,1,24,12,0,0,0,1
4,9,3,10,337,10,136771,3,2,3,2,0,1,0,0,0,1,105,13.3,1,35,8,1,886,63,1
2,10,1,0,32,25,25253,1,2,2,2,1,1,0,0,1,1,94,11.3,1,28,11,0,0,0,1
3,2,2,5,208,5,179059,1,2,3,2,0,1,1,1,1,1,104,13.1,3,32,12,0,0,0,1
2,4,1,7,242,89,111027,3,1,2,4,1,1,0,1,0,1,72,13.5,3,40,18,0,0,0,1
2,7,1,1,105,16,79436,1,2,3,1,0,1,1,0,1,0,75,11.8,2,21,9,0,0,0,1
1,7,1,15,8,42,109361,1,2,3,2,1,0,0,0,0,0,102,13.1,1,22,15,0,0,0,1
4,5,3,12,85,82,127542,2,3,3,1,0,1,1,0,0,0,94,12.9,1,33,25,1,271,98,1
2,10,2,9,116,3,53213,3,1,1,3,1,1,1,1,0,0,66,11.4,3,34,12,0,0,0,1
1,5,2,12,130,81,13434,1,2,1,1,1,1,1,0,0,0,97,12.5,3,32,12,0,0,0,1
3,3,1,6,296,40,13972,2,3,2,1,0,1,0,0,1,0,89,10.6,2,21,14,0,0,0,1
3,5,3,9,94,8,10244,3,3,2,4,0,1,0,1,1,0,70,12.1,1,29,7,1,871,92,1
2,8,3,7,100,22,55874,1,2,1,2,1,0,1,1,0,0,120,13.3,2,29,14,2,1179,63,1
2,6,2,6,286,14,148773,1,2,2,3,1,1,0,1,1,1,117,12.0,2,30,7,0,0,0,1
1,8,2,9,103,23,79527,2,2,2,3,0,1,1,1,1,0,75,13.6,1,27,20,0,0,0,1
3,10,1,11,259,10,45645,2,1,1,2,0,0,0,1,0,1,71,13.7,2,22,17,0,0,0,1
1,8,1,15,286,72,199414,3,3,1,4,0,1,1,1,0,0,63,12.3,3,40,19,0,0,0,1
2,3,3,11,301,57,51827,3,1,2,2,1,1,0,0,1,0,87,13.9,3,38,19,2,988,60,1
1,5,2,7,190,64,159409,3,1,3,1,1,0,0,1,0,0,107,13.7,3,26,17,0,0,0,1
3,6,3,13,22,3,28016,2,1,3,1,0,1,1,0,1,0,95,10.4,2,38,21,1,770,84,1
4,1,1,9,298,47,187557,2,2,1,4,1,1,0,0,1,0,89,11.5,1,38,19,0,0,0,1
3,9,2,13,132,29,93942,1,1,1,4,1,1,1,1,1,1,115,13.2,2,34,11,0,0,0,1
3,9,2,15,40,19,79208,3,3,1,4,0,0,0,1,0,1,97,11.4,2,40,16,0,0,0,1
4,7,3,7,244,86,176021,1,2,2,3,0,1,0,1,1,0,76,11.7,2,25,20,2,887,62,1
4,3,2,7,163,27,818,1,1,3,2,1,1,0,0,0,0,88,11.7,3,23,5,0,0,0,0
3,8,2,2,342,16,150356,1,2,3,1,1,0,1,0,1,1,91,12.7,1,36,11,0,0,0,1
2,10,2,6,350,46,192779,1,3,3,2,0,1,0,1,1,0,97,13.8,3,27,7,0,0,0,1
4,8,3,10,233,62,71980,1,3,3,1,0,1,0,0,1,1,92,12.9,1,36,21,1,834,94,1
1,5,3,4,185,37,30121,3,1,2,3,0,1,0,1,1,0,97,11.7,2,28,17,2,539,75,1
1,2,3,14,38,7,36171,3,3,2,1,1,1,0,0,0,1,108,11.7,2,36,25,3,1029,78,1
1,8,2,6,41,47,2698,3,2,1,2,1,1,0,0,0,0,85,11.5,2,24,11,0,0,0,0
1,3,2,9,124,83,130852,1,2,2,1,1,0,0,1,1,0,62,12.3,1,20,11,0,0,0,1
4,7,2,4,310,25,3373,2,2,3,2,1,0,0,0,1,1,99,13.2,3,37,12,0,0,0,1
1,1,1,13,23,72,1968,1,2,3,1,0,1,0,0,1,0,81,14.0,3,29,6,0,0,0,1
3,6,2,1,332,36,62168,3,3,2,1,0,0,1,0,1,0,72,11.3,3,38,15,0,0,0,1
3,8,3,14,33,59,130250,2,2,2,2,1,1,1,1,0,1,80,12.7,3,29,12,2,1373,96,1
3,4,1,12,60,1,178019,2,3,3,2,0,0,1,1,1,0,89,13.8,3,36,22,0,0,0,1
4,1,1,12,104,59,4805,1,2,3,4,0,0,1,1,0,0,97,10.6,3,34,18,0,0,0,1
3,9,1,9,273,89,80157,1,1,1,1,0,0,0,1,1,0,101,13.5,3,33,10,0,0,0,1
4,2,3,14,148,84,123903,1,1,2,1,0,1,0,0,1,0,100,13.7,1,31,9,3,1443,78,1
1,8,3,11,132,97,148122,1,3,2,3,1,0,1,1,1,1,65,10.8,1,30,10,3,362,80,1
2,3,1,10,20,63,35083,2,3,2,2,1,1,1,1,0,0,80,12.9,3,33,19,0,0,0,1
4,7,1,3,24,11,192556,3,3,1,3,1,0,1,1,0,0,81,10.1,2,40,9,0,0,0,1
2,9,3,2,162,60,81561,3,2,3,1,1,0,0,1,1,0,101,10.1,2,21,24,2,186,81,1
2,1,3,10,343,12,147880,2,2,1,1,1,0,0,1,1,0,71,11.6,1,34,8,3,302,64,1
2,2,1,13,324,14,151801,3,2,3,4,0,0,0,0,0,1,91,10.4,1,35,22,0,0,0,1
3,2,1,15,160,2,36748,3,2,2,4,1,0,0,1,0,1,67,10.1,2,35,25,0,0,0,1
3,10,3,5,97,5,162858,2,1,1,3,1,0,1,0,0,1,103,11.1,2,36,11,1,812,72,1
4,1,3,14,2,41,155210,2,1,1,3,0,0,0,0,1,0,110,12.0,1,24,18,1,996,98,1
3,4,1,4,25,43,53784,3,3,3,4,0,0,0,1,1,1,72,13.3,1,35,11,0,0,0,1
2,5,2,5,296,1,135123,2,1,3,2,1,1,0,1,0,1,79,13.1,2,33,24,0,0,0,1
4,7,1,3,60,4,118254,2,1,3,1,1,1,1,0,0,1,76,12.7,2,36,7,0,0,0,1
1,10,2,11,310,38,25407,1,1,3,4,1,1,1,0,0,1,76,12.4,3,27,17,0,0,0,1
1,3,2,4,204,70,86602,3,2,3,3,1,0,0,1,1,1,92,12.9,1,28,14,0,0,0,1
3,9,3,13,189,42,37067,2,1,3,1,1,1,0,0,0,1,89,12.5,2,25,20,1,1443,89,1
2,8,3,7,304,98,29445,2,2,1,3,0,0,0,1,1,0,90,11.1,1,23,15,2,873,63,1
2,10,1,6,131,73,110992,3,2,3,2,0,0,1,1,1,0,100,10.6,1,28,9,0,0,0,1
2,8,3,11,23,0,136645,3,3,1,1,0,0,1,1,0,0,84,10.4,1,33,12,1,882,73,1
1,2,1,1,130,43,34538,3,3,3,1,0,0,1,0,0,1,118,12.7,2,21,17,0,0,0,1
3,6,1,9,190,22,159165,2,1,3,2,0,0,0,1,1,1,76,12.7,2,28,9,0,0,0,1
2,5,3,6,223,35,95110,2,2,1,4,0,1,1,0,1,1,100,12.1,2,31,10,3,875,82,1
4,3,2,14,299,27,33687,1,1,3,2,1,1,0,1,0,1,72,11.1,2,31,8,0,0,0,1
2,2,3,15,354,89,88046,1,1,1,3,1,0,1,1,1,0,74,13.0,3,27,23,1,326,81,1
3,10,1,14,124,98,164279,1,3,2,4,0,1,1,1,0,0,117,11.3,1,29,10,0,0,0,1
3,3,1,2,64,14,32516,1,2,3,4,1,0,1,1,1,0,74,12.2,3,26,6,0,0,0,1
4,7,2,6,200,74,178869,1,2,1,3,1,0,0,1,0,0,60,12.9,1,27,10,0,0,0,1
2,4,3,3,161,30,89276,2,2,2,1,0,0,1,1,1,1,86,12.6,1,21,14,2,292,85,1
3,2,2,8,109,47,9882,3,2,1,2,0,0,1,0,1,1,74,11.2,3,32,12,0,0,0,1
2,4,1,15,214,72,156699,3,1,1,3,1,0,1,0,1,0,105,11.9,3,39,10,0,0,0,1
3,3,2,9,170,7,17409,2,1,2,3,1,1,0,0,0,0,78,11.9,2,29,25,0,0,0,1
1,8,1,0,181,79,150837,2,2,3,3,0,1,1,1,0,0,84,11.1,3,23,16,0,0,0,1
1,1,1,11,309,45,17897,1,1,2,4,0,0,1,0,1,1,111,13.0,2,23,22,0,0,0,1
4,3,3,14,202,54,197415,1,2,3,2,1,1,0,0,0,1,66,11.3,2,28,12,2,1078,61,1
4,8,3,13,242,78,37723,3,3,2,3,0,0,1,1,0,1,76,10.8,1,29,15,3,1076,66,1
2,2,2,4,66,57,104221,1,3,2,3,0,0,1,1,1,0,81,11.6,1,32,11,0,0,0,1
4,2,3,5,40,30,83030,2,3,2,2,1,0,1,1,1,1,117,12.0,2,28,25,3,775,89,1
1,8,2,14,351,56,106433,2,1,1,1,1,1,1,1,1,1,94,11.0,1,30,9,0,0,0,1
1,8,2,1,310,81,54927,2,1,1,4,1,1,0,1,1,1,74,13.0,1,35,25,0,0,0,1
2,1,1,10,6,77,53319,2,3,2,4,0,0,0,1,1,1,111,13.0,2,33,17,0,0,0,1
3,6,3,4,121,39,118690,1,1,2,4,0,1,1,0,1,1,104,10.1,2,36,10,2,325,90,1
4,6,3,15,37,51,171353,3,3,3,3,1,0,1,1,0,0,103,11.3,1,34,20,1,854,90,1
3,4,2,0,331,25,168404,2,1,3,1,0,1,1,0,0,0,104,13.8,2,28,20,0,0,0,1
2,2,1,12,311,50,35875,1,1,3,3,0,1,1,1,0,0,63,12.9,2,27,10,0,0,0,1
1,4,1,11,101,73,51632,3,2,3,4,0,0,0,0,0,1,108,11.7,2,32,7,0,0,0,1
2,4,2,9,38,49,36220,2,2,2,3,1,0,0,0,0,1,114,10.2,1,32,15,0,0,0,1
3,10,2,5,36,52,136751,1,1,2,3,1,0,1,0,1,0,109,11.0,1,28,21,0,0,0,1
4,2,2,15,282,78,67688,1,2,3,1,0,1,1,1,0,0,91,13.4,2,32,21,0,0,0,1
4,6,2,4,138,46,81350,1,2,1,4,1,1,1,1,0,0,113,12.7,3,34,23,0,0,0,1
3,8,3,8,76,43,107718,1,1,2,1,0,0,0,0,1,0,97,10.1,2,24,15,1,1108,87,0
1,2,2,4,49,5,167032,2,2,2,2,1,0,0,1,1,1,64,11.4,1,35,18,0,0,0,1
4,3,2,4,209,53,185291,3,2,3,3,1,0,1,1,1,1,79,12.9,1,24,5,0,0,0,1
3,2,1,0,200,5,52853,1,1,2,3,0,0,1,0,1,0,80,11.8,2,35,10,0,0,0,1
4,4,3,0,332,45,18342,2,1,2,4,0,1,0,1,1,1,79,13.3,2,34,21,3,1022,62,1
2,6,2,13,280,45,162289,3,3,1,2,0,0,0,0,1,0,70,11.3,3,20,8,0,0,0,1
4,3,1,12,336,22,58320,3,3,1,2,0,1,1,1,1,1,120,11.6,1,39,7,0,0,0,1
1,5,3,4,150,39,196738,1,2,1,1,0,1,0,0,0,1,93,12.9,1,26,9,1,689,94,0
2,1,2,5,109,77,24192,2,2,1,1,0,0,1,1,1,0,77,12.1,2,32,22,0,0,0,1
1,10,3,6,339,44,102778,1,2,1,1,0,1,1,1,0,1,110,11.6,1,36,25,3,187,64,1
4,5,3,15,291,41,97783,3,3,3,1,0,1,1,0,1,0,81,13.0,1,21,15,3,1031,65,1
1,1,3,9,257,9,182035,3,1,3,1,0,1,0,0,1,0,89,11.8,1,21,11,1,624,72,1
2,10,2,2,181,84,76127,3,3,1,1,1,0,1,1,0,1,120,10.8,3,32,20,0,0,0,1
3,10,2,12,122,19,171649,3,1,1,1,0,0,0,1,0,1,112,11.2,3,32,23,0,0,0,1
2,3,3,7,314,21,136316,2,2,3,2,1,1,0,1,1,1,71,11.3,3,32,8,3,864,67,1
4,10,1,13,166,92,93142,1,1,3,3,1,1,0,1,1,1,113,10.2,2,31,15,0,0,0,1
4,4,1,10,201,17,56590,2,2,3,4,1,1,0,1,0,1,76,12.4,3,27,13,0,0,0,1
3,1,2,11,81,41,156847,2,3,3,3,1,1,1,0,1,1,90,11.3,2,21,18,0,0,0,1
3,6,2,11,0,99,11628,1,1,3,1,0,1,0,1,0,0,82,12.2,3,32,16,0,0,0,1
1,5,3,6,171,52,75435,1,3,2,4,0,0,1,1,0,1,81,10.9,1,39,17,2,1470,93,1
2,5,3,2,362,34,163562,1,2,2,4,0,1,1,1,1,0,80,13.2,3,26,15,1,885,73,1
3,4,2,11,6,99,91475,1,1,2,2,1,1,1,1,0,1,77,13.1,3,33,15,0,0,0,1
4,6,1,6,57,9,165294,2,1,2,4,1,1,1,1,0,0,108,10.5,1,32,24,0,0,0,1
3,7,3,6,226,79,41198,3,1,1,2,0,1,1,1,1,1,118,10.9,3,26,6,3,1240,96,1
4,5,2,5,253,51,131015,3,3,2,3,1,0,0,0,0,0,102,11.8,2,33,12,0,0,0,1
4,2,2,3,63,10,44155,1,2,2,1,1,1,1,0,1,1,77,13.4,3,26,6,0,0,0,1
2,2,2,7,202,20,49651,1,1,1,1,1,0,0,1,0,0,80,10.2,1,33,5,0,0,0,1
2,7,3,2,78,93,54704,2,1,2,3,1,0,1,1,0,1,71,10.7,3,22,5,3,974,74,1
2,8,1,6,133,24,61484,2,3,1,4,1,1,1,1,0,1,83,13.9,1,22,24,0,0,0,1
3,5,1,0,184,92,141218,3,3,2,4,1,1,1,1,1,0,100,11.5,2,29,14,0,0,0,1
1,10,1,8,95,20,89195,3,2,2,4,0,0,0,0,0,1,63,10.9,1,37,8,0,0,0,0
4,3,1,2,60,41,185283,1,1,3,1,1,0,0,1,1,0,102,11.2,3,33,9,0,0,0,1
3,5,2,12,268,33,70149,1,2,3,3,1,0,1,1,1,1,79,11.2,1,31,18,0,0,0,1
2,3,1,1,151,4,133545,2,3,2,3,0,0,0,1,0,1,107,10.2,3,22,18,0,0,0,1
3,4,2,2,51,100,70920,1,3,2,1,1,1,1,1,1,0,120,13.6,2,34,9,0,0,0,1
2,4,2,6,88,14,143271,3,2,2,4,0,0,1,1,1,1,64,11.0,3,22,24,0,0,0,1
3,1,1,0,298,98,55782,1,1,2,3,1,1,1,0,1,0,99,10.5,3,32,10,0,0,0,1
4,3,3,12,313,49,15657,3,3,2,3,0,0,0,0,1,1,80,12.4,2,26,7,1,503,73,1
3,6,2,13,103,31,83985,2,2,2,1,0,0,0,0,1,0,90,10.2,1,31,10,0,0,0,0
4,10,2,5,342,97,77906,3,2,3,3,1,0,1,0,1,0,110,13.0,3,22,20,0,0,0,1
4,4,1,1,320,82,60656,1,2,2,4,1,1,0,0,0,1,112,13.3,3,37,18,0,0,0,1
3,6,3,2,351,24,112197,2,1,2,3,0,0,1,0,0,0,85,11.7,1,31,12,2,146,63,0
1,9,2,14,325,55,147886,1,1,2,4,0,0,1,0,0,1,91,11.3,2,27,16,0,0,0,1
2,2,2,5,157,53,177814,2,3,3,2,0,1,1,1,0,0,60,11.5,1,36,12,0,0,0,1
2,10,1,7,302,99,136379,2,3,3,2,0,0,0,0,0,1,65,12.4,3,21,7,0,0,0,0
1,7,3,0,21,62,78020,1,1,2,1,0,1,1,1,0,0,116,10.6,3,26,14,2,1356,68,1
1,1,2,8,319,43,122339,3,2,3,2,0,1,1,1,0,0,109,10.0,3,22,17,0,0,0,1
4,1,1,3,23,94,148820,1,1,3,2,0,0,1,1,1,1,115,13.5,1,32,22,0,0,0,1
3,2,1,1,163,52,50309,1,3,3,2,0,1,1,1,1,1,76,12.1,1,35,14,0,0,0,1
3,9,1,5,187,42,169164,3,1,1,4,1,1,0,1,1,0,69,11.1,2,29,14,0,0,0,1
3,5,1,9,54,48,78153,2,1,1,2,0,1,1,0,1,1,97,13.0,3,24,7,0,0,0,1
4,4,2,11,328,76,100658,1,3,3,4,0,0,0,0,0,0,111,13.1,1,30,17,0,0,0,1
2,4,3,12,3,87,177733,1,1,2,4,1,0,1,0,1,1,87,13.4,2,36,21,2,673,86,1
4,4,1,4,24,41,156431,2,3,1,3,1,1,1,1,1,1,68,13.0,1,25,24,0,0,0,1
3,6,2,0,81,30,164033,3,1,3,4,1,1,1,0,1,0,116,10.3,2,32,19,0,0,0,1
4,10,3,9,83,10,22202,2,2,1,3,0,1,0,0,1,1,83,11.6,3,37,15,1,1374,65,1
4,3,1,15,296,87,10215,1,1,1,3,1,0,0,1,1,0,112,12.0,3,30,22,0,0,0,1
1,6,1,6,58,58,120140,3,3,1,3,1,1,0,1,1,1,111,13.5,3,30,16,0,0,0,1
3,1,2,1,312,98,87950,1,1,3,2,1,1,1,0,1,0,76,11.2,1,40,8,0,0,0,1
2,4,1,8,335,11,192620,3,3,1,1,1,1,1,0,1,0,93,11.8,1,36,22,0,0,0,1
1,7,1,4,232,38,142064,3,2,1,2,0,0,0,1,0,0,114,13.4,1,39,20,0,0,0,1
3,3,2,15,256,66,51881,1,3,2,3,0,0,1,0,0,0,92,13.3,1,35,8,0,0,0,1
4,10,2,15,164,45,186512,2,2,1,3,1,1,0,1,1,1,91,11.1,3,26,15,0,0,0,1
1,5,2,5,19,86,55808,1,1,2,3,0,0,0,1,1,1,120,12.0,2,24,16,0,0,0,1
4,8,1,0,232,59,147453,3,3,1,4,0,0,0,0,1,0,108,11.0,3,29,19,0,0,0,1
2,5,3,2,215,52,180662,3,3,2,4,0,1,0,0,0,1,109,13.6,1,34,10,1,730,71,1
3,5,3,2,79,46,91010,3,3,2,3,0,1,0,1,1,1,79,12.1,3,26,12,3,1097,68,1
2,4,1,2,201,56,14267,2,2,1,1,1,0,0,0,1,0,110,13.5,1,34,6,0,0,0,1
1,4,2,10,10,36,112659,3,1,3,3,0,0,0,1,0,1,107,13.9,3,31,21,0,0,0,1
1,2,2,7,9,88,18231,3,3,3,1,1,0,0,0,1,0,94,12.1,2,27,11,0,0,0,0
3,3,1,6,38,24,4641,3,3,3,3,0,1,0,1,0,0,100,12.9,1,27,18,0,0,0,0
4,6,1,15,51,94,27994,2,1,1,1,0,1,1,0,0,1,68,13.2,2,20,17,0,0,0,1
1,6,3,2,315,38,164848,1,1,1,4,0,0,1,0,1,1,103,10.4,3,36,8,2,1372,82,1
1,6,3,7,37,32,133148,1,2,3,1,0,1,0,0,0,0,116,13.8,3,39,18,1,290,74,0
1,10,3,1,100,22,147336,1,2,2,1,0,1,0,0,0,0,97,11.9,2,21,17,3,107,86,0
2,7,2,4,96,71,147244,3,2,3,4,0,0,0,1,1,0,70,10.3,1,27,9,0,0,0,0
2,3,3,1,330,47,199096,3,1,1,2,0,0,1,1,0,1,92,11.3,2,39,21,1,1125,77,1
4,8,1,0,163,72,95862,1,2,1,2,0,0,1,0,1,0,115,13.8,3,39,5,0,0,0,1
4,1,2,10,166,17,113014,1,1,3,2,1,1,1,1,0,1,105,14.0,1,29,6,0,0,0,1
4,6,1,1,75,4,98854,1,1,2,4,1,1,1,1,0,1,81,11.5,3,31,5,0,0,0,1
3,1,3,14,250,92,41167,2,1,3,1,1,1,1,0,0,0,72,12.9,3,39,10,1,1315,63,1
3,6,1,11,114,58,154114,3,3,3,2,0,0,0,0,1,0,84,10.3,3,22,24,0,0,0,0
2,2,3,1,173,44,39785,2,2,2,3,1,1,0,1,1,1,117,10.7,1,27,20,3,929,95,1
2,5,2,0,302,68,72575,2,3,1,1,1,0,0,0,1,1,91,10.2,1,36,20,0,0,0,1
2,8,3,6,315,9,40179,3,2,1,4,0,0,0,1,0,1,110,11.5,3,25,10,1,578,74,1
1,5,1,2,23,69,162436,2,1,1,3,1,1,1,0,1,1,82,13.2,2,27,18,0,0,0,1
2,1,3,13,243,17,54669,1,1,1,2,0,1,1,1,1,1,107,12.2,1,38,17,1,570,86,1
4,8,1,8,133,26,66580,1,2,3,1,1,0,1,1,1,1,113,13.4,1,31,11,0,0,0,1
2,6,1,0,154,73,152912,3,1,1,4,0,0,1,1,0,0,108,11.2,2,32,17,0,0,0,1
1,3,3,14,326,38,108026,1,3,2,4,1,1,1,0,1,0,93,11.3,2,31,18,3,307,82,1
1,1,3,4,174,43,94779,2,1,1,4,1,1,0,0,0,1,85,10.7,1,32,11,1,858,93,1
1,8,3,15,70,99,70538,1,1,3,1,0,0,1,1,1,1,62,12.4,3,20,5,1,1099,77,1
4,6,2,7,36,87,1580,1,3,2,2,1,1,0,0,1,0,99,11.4,1,30,22,0,0,0,1
1,7,1,3,229,42,111341,3,1,3,4,1,1,1,0,0,0,72,12.1,3,36,14,0,0,0,1
2,4,3,0,255,15,131649,1,2,3,3,0,1,1,0,0,1,110,12.8,2,39,6,3,1478,74,1
4,3,1,7,290,52,102227,3,2,2,3,1,1,1,1,1,1,93,10.2,2,20,19,0,0,0,1
1,2,2,10,97,95,167336,2,1,1,1,0,0,0,0,1,1,102,13.1,3,33,14,0,0,0,1
1,9,3,1,14,27,34757,3,2,2,2,1,1,1,1,0,0,107,10.7,1,34,16,3,260,75,1
1,3,3,5,219,23,128126,1,3,3,2,1,1,1,1,0,0,101,10.7,3,29,15,2,204,79,1
4,7,3,2,336,37,164196,3,3,3,3,1,1,1,1,0,1,120,11.4,3,36,8,3,1399,86,1
4,3,3,8,323,11,62738,3,2,3,4,0,1,1,0,1,1,112,10.9,1,40,20,2,684,84,1
2,1,3,6,308,1,20545,1,1,2,4,1,0,0,0,0,1,113,11.5,2,30,21,2,855,71,1
4,1,3,13,93,46,55283,3,3,1,1,1,1,0,0,1,1,119,12.8,2,30,12,1,998,63,1
4,1,3,14,15,98,100824,1,2,3,4,1,1,0,0,0,1,101,12.6,3,32,10,1,437,91,1
1,6,3,11,194,47,107761,2,3,1,1,1,0,0,1,0,0,91,11.1,1,26,21,3,649,85,1
1,3,2,1,202,26,138618,2,1,2,2,1,0,0,0,0,1,106,13.0,3,23,9,0,0,0,1
3,5,1,10,207,29,148912,1,3,3,3,0,1,0,0,1,1,99,13.9,3,33,5,0,0,0,1
4,8,2,5,336,53,17270,3,3,2,1,0,0,0,1,0,0,102,11.6,3,39,20,0,0,0,1
3,6,3,5,242,51,165765,3,3,2,1,1,0,0,1,1,1,84,11.6,3,37,17,1,391,75,1
4,10,3,15,110,36,160421,2,2,3,2,1,0,0,1,1,1,91,12.8,1,32,15,2,383,73,1
3,3,1,1,128,85,64779,1,3,1,1,1,0,1,1,1,0,77,10.9,2,21,16,0,0,0,1
2,7,2,4,251,24,9309,1,2,1,4,1,0,0,0,0,0,91,12.3,1,28,11,0,0,0,0
2,7,1,14,120,91,91227,1,3,3,3,1,1,1,1,1,0,70,12.3,1,30,19,0,0,0,1
3,5,1,1,94,23,43714,2,1,3,2,0,1,1,1,1,1,120,10.0,1,35,24,0,0,0,1
3,6,3,2,347,42,195531,1,2,2,2,0,0,0,0,1,0,114,12.4,2,22,23,1,568,80,1
2,1,3,2,195,85,77400,3,1,2,2,1,0,1,1,1,0,120,12.9,2,30,24,2,935,82,1
2,9,3,3,92,40,5164,3,3,1,3,1,1,0,1,1,1,98,11.2,3,31,18,2,716,90,1
1,4,2,1,109,33,154267,3,1,1,4,0,0,0,1,0,0,111,12.7,1,26,25,0,0,0,0
2,4,2,13,259,64,105303,2,1,3,1,0,1,0,0,0,1,115,12.6,3,28,17,0,0,0,1
1,5,2,5,163,75,115408,1,1,1,3,1,1,0,1,0,0,90,10.9,3,20,6,0,0,0,1
3,10,2,5,302,88,2183,2,1,1,4,1,0,0,1,0,0,84,10.5,3,39,15,0,0,0,1
2,1,2,12,178,86,48560,3,2,1,2,1,1,0,1,1,1,109,10.2,2,40,11,0,0,0,1
2,3,2,9,25,49,119034,1,3,1,4,0,0,0,0,0,0,111,11.8,2,23,10,0,0,0,0
3,8,2,11,360,66,187901,3,3,1,3,0,0,1,0,1,0,103,12.0,1,35,22,0,0,0,1
4,2,2,11,260,55,41487,2,2,2,1,1,0,0,0,0,1,116,10.8,3,27,11,0,0,0,1
1,5,2,4,56,49,170569,3,1,1,1,1,1,1,1,1,1,111,10.4,3,33,13,0,0,0,1
4,5,1,5,77,11,30054,1,1,3,1,1,0,0,1,0,1,112,10.1,1,27,13,0,0,0,1
2,7,1,1,170,72,93820,3,2,3,1,1,1,0,0,1,0,73,11.0,2,23,19,0,0,0,1
4,5,3,1,193,81,181970,1,1,2,3,1,1,1,1,1,0,67,10.6,3,34,14,3,388,95,1
3,6,1,6,92,4,37637,2,3,3,1,0,1,1,0,0,1,115,11.3,3,21,7,0,0,0,1
1,7,2,13,46,51,110683,3,2,2,3,1,1,1,0,0,0,87,10.1,3,20,23,0,0,0,1
4,1,2,1,331,51,3389,1,3,2,1,0,1,1,0,1,1,70,11.7,1,31,23,0,0,0,1
2,6,2,11,37,51,81210,1,3,3,1,0,1,0,0,0,0,76,11.2,3,20,16,0,0,0,0
3,3,3,14,313,83,118994,3,1,3,2,1,0,1,0,1,0,86,10.8,1,36,8,3,1365,81,1
2,5,3,14,301,18,164207,2,3,1,1,1,0,1,0,1,1,110,10.3,3,40,6,1,1257,78,1
1,10,2,5,348,35,105,1,2,2,2,1,0,0,1,0,0,68,13.5,1,26,25,0,0,0,1
1,5,3,9,185,58,17105,1,3,1,3,0,1,0,0,1,0,116,11.2,2,25,9,3,541,91,1
2,7,2,12,198,83,5447,2,1,2,4,1,0,1,0,0,0,90,13.2,3,37,17,0,0,0,1
1,9,2,15,55,96,95851,3,2,2,2,0,1,0,0,1,0,89,11.5,1,24,14,0,0,0,1
1,1,1,9,269,55,164101,1,2,3,1,0,1,1,0,0,1,75,12.7,2,36,23,0,0,0,1
2,4,1,11,136,25,7128,1,3,3,3,0,0,1,1,1,1,108,11.1,2,22,17,0,0,0,1
3,6,1,12,135,48,153594,1,2,1,3,0,1,1,1,1,1,103,10.6,1,33,25,0,0,0,1
1,2,1,8,120,88,18917,1,2,2,4,1,1,1,1,0,0,66,12.2,1,33,6,0,0,0,1
3,8,2,3,329,58,167399,1,3,1,4,0,0,1,1,1,0,65,12.3,3,26,14,0,0,0,1
1,1,3,9,359,41,49380,1,1,1,1,1,0,0,1,0,0,101,14.0,3,35,19,3,304,82,1
2,5,1,10,179,3,38547,2,2,3,2,0,1,0,0,1,1,88,12.3,1,35,16,0,0,0,1
3,9,2,1,35,39,69390,1,2,2,3,1,1,0,1,0,0,96,12.3,1,25,18,0,0,0,1
3,1,1,4,44,5,51790,1,3,3,1,0,1,0,0,1,0,69,13.4,3,33,21,0,0,0,0
1,3,3,2,15,28,53910,3,2,2,3,0,1,1,1,0,1,80,13.0,3,33,6,1,156,81,1
1,5,1,1,282,37,110834,2,2,3,4,0,0,0,0,0,1,100,12.5,1,38,25,0,0,0,0
2,6,2,10,318,8,159993,1,3,1,2,0,1,1,1,1,1,108,10.9,1,34,7,0,0,0,1
4,9,2,14,65,55,89627,3,2,3,3,1,1,1,0,0,0,106,10.3,3,33,18,0,0,0,1
2,8,1,10,146,72,26246,3,3,3,1,0,0,1,0,0,1,106,11.7,2,34,13,0,0,0,1
2,10,3,6,358,42,100419,2,1,3,1,0,0,1,0,1,1,113,11.8,3,32,9,1,372,80,1
2,10,1,4,229,37,151827,2,1,1,4,0,1,0,1,1,0,99,10.3,3,24,8,0,0,0,1
3,1,1,12,163,9,146858,1,3,1,1,1,1,0,0,0,0,62,12.8,2,28,6,0,0,0,1
1,7,3,12,178,90,262,2,1,2,3,1,0,0,1,1,0,62,12.6,2,30,23,1,1340,90,1
4,6,3,1,297,43,49144,2,3,1,1,1,0,0,1,1,1,67,11.4,1,39,18,2,1419,68,1
4,1,3,3,186,1,51894,1,3,3,1,1,0,0,0,0,1,106,11.4,3,33,9,3,631,63,1
3,8,1,11,240,89,3283,3,1,2,3,1,1,1,0,0,0,118,13.6,3,26,20,0,0,0,1
1,3,2,12,35,77,83749,3,1,3,1,1,0,1,1,1,0,89,12.1,2,30,24,0,0,0,1
3,5,2,7,243,49,175375,2,3,2,3,0,1,1,1,0,1,65,13.5,2,39,15,0,0,0,1
1,1,1,15,49,89,81945,3,1,1,4,1,0,1,1,1,0,77,11.3,2,32,6,0,0,0,1
1,6,1,4,201,19,78621,3,1,1,1,0,1,1,1,1,1,97,11.2,3,33,20,0,0,0,1
1,1,2,3,186,43,27578,3,1,3,2,0,0,1,1,1,1,94,10.2,2,27,24,0,0,0,1
1,10,2,11,73,90,166196,3,2,3,4,0,1,0,0,1,1,92,13.1,2,39,15,0,0,0,1
1,6,2,8,36,4,14168,3,1,1,2,1,1,0,0,1,1,107,10.5,2,37,7,0,0,0,1
2,4,3,4,112,40,52612,3,2,1,1,1,0,1,1,0,1,100,13.8,1,27,14,3,180,96,1
1,3,2,7,198,21,31982,1,1,2,1,1,1,1,0,0,1,110,10.7,3,40,5,0,0,0,1
3,7,1,14,290,26,43545,1,3,3,4,0,0,1,1,1,1,76,11.2,3,27,22,0,0,0,1
4,8,2,11,281,72,104824,1,1,3,4,1,0,1,1,0,0,99,11.3,2,36,8,0,0,0,1
2,8,2,4,331,23,192454,1,2,2,4,1,0,1,0,1,1,60,11.9,2,24,18,0,0,0,1
1,10,3,3,280,87,12281,3,1,3,3,0,0,1,0,0,0,80,12.5,2,25,14,2,367,82,0
1,7,1,13,17,32,169553,2,1,3,4,0,0,0,0,1,0,94,12.6,3,29,13,0,0,0,0
4,3,2,13,103,5,1259,1,2,2,4,0,0,1,0,0,1,95,12.4,3,27,9,0,0,0,1
2,1,3,5,35,82,112245,1,2,1,4,0,0,1,0,1,0,118,10.6,3,28,11,3,1220,85,1
4,4,3,1,161,85,196352,3,1,1,1,0,0,0,1,1,0,86,11.5,2,31,8,1,1075,70,0
3,4,3,14,13,28,114016,2,2,2,1,0,0,1,0,0,0,63,13.8,2,24,13,1,625,61,0
2,1,1,0,360,50,54594,2,2,2,4,0,1,1,0,0,1,67,11.3,2,27,5,0,0,0,1
3,3,2,9,42,77,34422,3,3,1,3,0,0,1,1,0,0,97,12.3,3,23,19,0,0,0,1
1,8,2,0,102,32,67014,2,1,3,3,1,0,1,0,1,1,64,13.3,3,26,21,0,0,0,1
4,9,1,12,146,22,157826,2,2,1,2,1,0,1,0,1,1,118,10.6,2,37,19,0,0,0,1
1,6,2,6,133,13,168620,2,3,2,4,0,0,0,0,0,0,63,11.3,3,35,25,0,0,0,0
1,10,3,12,179,6,90700,2,3,2,2,0,0,1,1,1,0,85,13.9,2,22,8,2,1017,68,1
4,4,2,7,162,93,28823,2,3,2,2,0,0,1,0,0,0,79,10.8,2,39,7,0,0,0,0
2,9,2,9,110,43,143144,2,3,2,2,0,0,1,0,0,0,66,10.9,3,35,23,0,0,0,0
3,8,1,0,246,26,131552,2,3,3,3,1,0,1,0,0,1,96,12.6,2,20,19,0,0,0,1
4,3,1,11,68,46,78507,1,1,1,4,1,0,1,1,1,0,112,12.1,3,32,22,0,0,0,1
4,1,1,8,205,18,52627,2,3,3,3,1,0,0,0,1,1,68,10.7,1,32,12,0,0,0,1
2,6,2,8,182,17,153824,1,1,3,4,0,1,1,0,0,1,119,13.0,1,39,23,0,0,0,1
3,10,3,10,70,21,128938,1,2,3,4,0,1,0,1,0,1,84,10.4,1,39,12,3,856,69,1
2,3,3,6,312,84,66206,3,1,3,4,0,1,1,0,0,0,79,11.5,1,40,6,1,1119,85,1
1,8,3,11,262,31,54676,1,2,3,1,1,0,1,1,1,0,64,11.7,1,33,20,3,771,78,1
3,6,2,7,47,96,147065,3,1,1,4,1,0,0,1,0,1,84,11.0,2,22,11,0,0,0,1
1,9,2,0,156,44,67983,1,1,1,2,0,1,1,1,1,0,88,13.7,3,38,25,0,0,0,1
4,3,3,7,308,18,118003,2,1,1,2,0,0,1,1,0,0,89,13.0,1,31,11,3,626,76,1
4,5,2,0,335,81,32686,3,3,3,3,1,1,1,0,1,0,68,12.6,3,31,11,0,0,0,1
2,6,1,6,200,78,183195,1,1,3,1,0,1,1,1,0,1,62,11.2,2,38,22,0,0,0,1
2,7,1,2,293,21,96649,2,2,2,2,0,1,0,1,0,1,103,13.9,2,30,15,0,0,0,1
2,8,1,13,104,39,159927,1,1,1,3,0,0,0,1,1,1,103,10.8,1,35,23,0,0,0,1
2,10,3,7,193,83,117027,1,1,1,4,0,0,0,1,0,0,112,14.0,1,36,13,1,909,77,1
1,6,1,12,157,35,154250,1,3,1,3,0,1,0,1,0,1,104,12.4,2,24,5,0,0,0,1
3,1,1,12,313,10,26409,3,1,1,4,0,0,0,0,0,0,120,12.3,1,27,23,0,0,0,1
1,5,3,9,191,4,125786,3,3,2,4,1,1,0,1,1,0,80,11.3,1,36,12,2,1319,83,1
1,1,3,7,251,17,28115,2,1,3,1,0,0,1,1,0,0,61,11.6,2,24,13,2,242,77,1
2,7,1,9,99,8,15224,2,2,2,3,0,0,0,1,0,1,106,13.3,1,33,14,0,0,0,1
2,9,2,11,289,68,83921,3,1,1,4,0,1,0,0,0,0,68,10.2,3,20,6,0,0,0,1
4,10,2,2,12,52,150300,1,3,2,3,1,1,1,1,1,1,87,11.8,2,34,9,0,0,0,1
1,7,3,5,309,1,155491,1,2,3,1,0,0,0,1,1,0,65,12.3,3,23,10,3,908,68,1
4,7,2,14,247,9,36626,1,3,2,1,1,0,1,0,0,0,69,12.8,1,28,23,0,0,0,1
1,9,3,13,200,72,172826,1,3,1,1,0,0,1,1,0,0,99,13.3,3,20,20,3,1464,81,1
2,10,1,13,34,92,16382,2,2,2,1,0,1,1,0,0,0,80,11.5,1,34,24,0,0,0,1
1,5,3,13,262,73,125975,1,3,2,1,0,0,1,0,0,1,71,10.0,3,21,24,2,1484,91,1
1,3,3,0,107,52,101401,2,1,1,3,0,1,1,0,0,0,84,13.7,3,27,20,3,1366,92,0
3,7,2,2,299,3,111394,2,1,1,3,0,0,1,0,1,0,107,13.4,1,30,5,0,0,0,1
1,6,3,13,365,46,52312,1,3,1,3,0,1,1,0,1,0,68,12.4,1,35,5,1,971,68,1
3,3,1,10,197,14,123234,3,3,2,2,1,0,1,1,1,1,105,12.9,3,36,12,0,0,0,1
1,2,1,3,364,27,61160,3,2,2,3,0,1,1,0,0,1,114,11.1,1,26,11,0,0,0,1
4,3,3,12,132,62,70019,3,2,2,2,1,1,1,0,0,1,98,11.5,1,27,6,2,857,80,1
1,5,2,13,151,33,35947,2,1,1,3,1,1,1,0,1,1,117,13.4,3,26,15,0,0,0,1
3,10,2,15,331,31,45105,1,1,3,4,0,1,0,0,0,0,113,11.4,1,28,8,0,0,0,1
4,4,1,7,28,62,31488,2,2,3,4,0,1,0,1,1,0,101,11.7,3,25,17,0,0,0,1
2,10,3,9,51,55,115389,3,3,1,4,0,1,1,1,0,1,88,13.8,2,26,11,1,1120,83,1
4,4,2,1,19,36,171674,3,3,2,1,1,1,0,1,0,0,83,11.5,1,32,14,0,0,0,1
4,10,2,15,327,94,9844,1,3,1,2,0,0,1,0,1,1,75,11.8,2,30,10,0,0,0,1
3,4,3,2,314,31,159871,3,1,1,1,1,1,0,1,1,1,67,11.8,2,22,21,2,521,90,1
1,9,2,12,150,97,152910,1,2,3,2,1,0,0,0,1,1,70,12.7,1,25,9,0,0,0,1
4,7,3,15,343,55,181425,3,2,2,4,0,0,1,0,1,0,69,12.1,2,35,18,3,1254,64,1
2,3,3,8,259,51,182717,3,2,1,4,1,0,1,0,0,1,73,12.4,2,26,15,1,215,63,1
2,4,1,11,304,31,153788,2,1,2,4,1,1,0,1,1,0,88,10.2,3,32,13,0,0,0,1
4,8,3,15,240,22,183782,1,2,3,2,1,0,1,0,1,0,97,11.1,1,22,14,2,847,68,1
1,7,3,10,188,79,182040,3,3,2,4,1,1,0,0,0,0,90,11.2,2,39,23,2,247,87,1
4,10,1,12,324,77,124752,3,3,2,1,0,0,0,0,0,1,89,10.5,2,38,19,0,0,0,1
2,7,3,15,305,78,123840,1,1,3,3,1,1,1,0,1,1,117,10.1,3,27,13,2,998,88,1
3,10,3,5,153,77,101064,1,1,1,1,0,1,1,1,0,0,96,13.7,2,24,19,2,133,81,1
4,4,3,1,296,12,93253,3,2,1,3,0,1,1,0,1,1,63,10.2,2,34,5,1,1103,87,1
3,8,2,6,342,64,171888,2,3,1,2,1,1,0,1,0,0,99,10.0,2,30,13,0,0,0,1
4,2,2,8,104,76,43372,2,3,2,2,1,1,1,0,0,0,117,14.0,3,22,13,0,0,0,1
1,6,2,15,122,60,71554,2,3,1,4,1,0,0,1,1,1,76,13.1,2,38,19,0,0,0,1
3,3,1,3,248,37,190730,3,3,3,2,1,1,0,0,0,1,67,11.4,2,33,11,0,0,0,1
2,7,1,2,333,36,140324,3,2,1,3,1,1,0,1,1,0,90,13.4,1,40,13,0,0,0,1
4,6,2,6,221,43,1426,3,3,3,1,0,0,1,0,1,0,98,12.5,2,29,12,0,0,0,1
4,2,3,14,108,69,104583,3,3,1,3,1,0,0,0,1,1,64,13.1,3,23,25,3,1050,99,1
3,2,2,13,192,53,142348,3,3,2,1,1,1,0,0,0,1,119,13.1,2,34,19,0,0,0,1
3,4,3,14,96,37,151101,2,2,2,3,1,1,1,0,1,1,119,13.1,1,23,25,3,1337,67,1
2,8,2,8,80,85,93284,1,3,2,3,1,0,0,0,0,0,71,10.3,1,23,10,0,0,0,0
4,6,1,9,37,40,25523,2,3,1,3,0,0,0,0,0,0,90,11.4,2,30,16,0,0,0,0
2,5,2,6,136,68,110537,3,3,2,4,0,1,0,1,0,0,67,12.4,3,40,9,0,0,0,0
1,2,2,8,163,100,59633,1,3,1,4,1,1,1,1,1,0,71,13.2,2,33,25,0,0,0,1
4,4,1,0,200,9,167022,1,2,2,1,1,0,0,0,0,1,76,10.8,2,24,23,0,0,0,1
1,8,2,0,14,92,31126,3,3,3,1,1,1,0,0,0,0,90,11.1,3,23,15,0,0,0,0
3,7,1,5,29,5,163343,1,1,3,1,0,0,0,1,0,1,71,13.2,2,38,16,0,0,0,0
3,1,3,5,160,5,189280,1,2,1,1,0,1,1,0,1,0,74,11.8,1,21,9,1,164,61,1
2,8,1,15,109,71,154626,1,3,3,4,1,1,1,1,0,0,60,12.9,3,37,14,0,0,0,1
3,7,1,3,256,36,50186,3,1,1,1,1,1,0,0,0,1,92,11.8,1,21,20,0,0,0,1
4,6,3,11,67,40,196668,2,3,3,4,1,0,1,0,0,0,97,11.8,2,35,14,2,120,67,1
3,8,1,0,69,52,120225,2,2,2,4,1,0,1,1,1,0,78,12.0,1,28,22,0,0,0,1
4,2,2,3,11,51,156090,2,1,1,1,0,0,1,1,1,0,100,11.7,3,34,9,0,0,0,1
3,10,1,3,147,21,129060,3,2,1,3,1,1,1,1,1,0,113,11.9,1,30,18,0,0,0,1
1,3,2,2,224,72,105184,3,2,1,2,0,1,1,0,0,1,97,10.8,3,22,10,0,0,0,1
2,6,2,10,131,43,40036,1,1,2,3,1,1,1,1,1,1,70,10.3,3,20,5,0,0,0,1
1,5,1,2,1,89,173756,2,2,2,4,1,0,0,0,0,0,70,11.1,1,31,22,0,0,0,0
4,6,1,4,207,96,119361,2,1,2,4,0,0,1,0,0,0,64,11.4,3,33,25,0,0,0,0
4,2,3,5,269,21,193609,3,3,3,1,0,1,1,0,1,0,98,11.0,2,30,25,1,351,76,1
3,7,1,3,133,86,87025,1,1,1,3,1,0,0,0,0,0,60,12.8,3,21,15,0,0,0,0
1,8,2,9,61,48,117059,2,3,3,1,0,0,1,0,1,1,89,13.9,3,21,23,0,0,0,1
4,1,2,15,198,19,104912,3,2,1,3,0,1,1,1,1,1,111,12.6,1,25,22,0,0,0,1
3,5,1,6,161,23,90227,2,1,3,3,1,0,0,0,1,0,110,11.2,1,38,25,0,0,0,1
2,5,2,1,173,41,121246,2,2,2,2,1,1,0,1,0,0,68,13.7,2,22,16,0,0,0,1
3,7,2,3,365,55,158211,1,1,2,4,1,0,0,1,0,1,98,12.8,1,32,7,0,0,0,1
4,5,3,11,136,45,73034,3,2,1,3,1,0,1,0,1,1,117,10.4,3,21,24,2,1296,66,1
2,5,3,1,252,56,7256,2,3,3,3,1,0,1,0,1,1,84,13.4,2,30,22,3,1356,64,1
3,9,3,12,167,85,184937,2,2,1,3,0,0,1,1,0,0,109,10.7,1,25,10,1,692,67,1
4,8,1,15,166,51,178203,3,2,1,3,1,0,1,0,0,0,98,12.2,3,20,16,0,0,0,1
2,6,2,7,23,58,119169,2,1,2,1,1,0,1,1,0,1,60,10.0,3,32,18,0,0,0,1
3,2,3,5,279,85,27372,1,1,2,3,1,0,1,1,1,1,64,14.0,3,31,8,2,573,100,1
4,9,3,8,248,99,35736,2,1,3,2,0,0,1,0,1,1,65,11.1,2,24,11,2,264,83,1
1,7,2,8,164,69,127183,1,1,3,3,0,1,1,0,0,0,114,10.0,2,20,10,0,0,0,1
2,6,1,8,76,30,103724,3,2,3,2,0,1,1,0,0,0,112,10.2,3,34,5,0,0,0,1
2,9,1,5,202,50,88159,1,2,2,3,0,1,0,0,0,1,118,10.9,2,31,18,0,0,0,1
2,9,2,2,204,51,89365,3,2,1,4,1,0,0,0,0,1,79,10.3,1,38,24,0,0,0,1
1,3,2,2,204,26,27101,1,1,1,1,1,1,0,0,1,1,118,11.9,2,30,24,0,0,0,1
4,2,3,10,272,85,118746,1,2,1,1,0,0,1,1,0,0,63,12.5,3,30,13,3,973,70,1
1,2,1,11,234,95,65489,3,2,3,4,0,0,0,0,0,1,83,10.8,3,34,12,0,0,0,1
2,5,1,15,176,93,37173,2,3,2,3,1,0,1,0,0,0,85,13.0,3,22,18,0,0,0,1
3,10,2,6,258,15,116911,3,3,1,2,1,0,0,1,1,1,93,13.8,3,29,14,0,0,0,1
3,4,2,14,327,42,91306,3,1,3,4,0,1,0,1,0,0,63,13.5,3,21,25,0,0,0,1
4,1,2,10,66,23,38441,2,1,2,4,0,1,0,0,1,1,90,10.1,1,34,6,0,0,0,1
1,8,3,1,221,49,82366,2,2,1,3,0,1,1,0,0,0,99,12.5,2,28,14,1,740,74,1
2,3,1,13,57,34,64494,1,2,1,4,1,1,1,0,1,0,96,10.5,1,37,7,0,0,0,1
1,9,1,9,157,72,88528,3,2,3,2,0,0,0,1,0,1,105,10.5,2,38,15,0,0,0,1
3,10,3,10,220,24,155430,1,2,2,2,0,0,1,0,1,1,97,10.4,2,26,12,1,694,93,1
4,8,3,14,194,76,59976,1,2,3,4,0,1,1,0,0,1,76,13.2,3,36,13,1,988,99,1
4,6,2,14,144,46,29867,2,3,1,4,0,1,0,1,0,1,65,12.1,1,32,17,0,0,0,1
3,10,2,3,125,35,66882,3,2,3,1,1,1,0,0,0,0,62,10.7,2,29,5,0,0,0,0
2,10,3,11,113,26,17393,2,2,1,3,0,0,1,0,1,1,75,12.4,3,22,24,3,711,86,1
1,10,3,12,65,65,53089,3,3,3,4,0,0,1,1,1,1,101,10.8,2,27,7,3,806,73,1
1,6,1,6,158,25,154737,1,2,2,2,0,0,0,1,1,0,91,13.8,1,30,20,0,0,0,0
1,2,1,9,90,68,162816,1,2,2,2,1,1,1,1,1,0,95,13.1,3,26,16,0,0,0,1
4,4,3,8,9,92,38623,1,3,1,1,0,0,1,1,0,1,112,13.1,3,29,21,3,1057,77,1
1,9,1,4,20,7,114625,3,2,3,4,0,1,1,1,0,1,83,12.7,2,32,25,0,0,0,1
1,6,1,5,186,72,128102,3,2,2,2,1,0,0,1,0,1,88,12.4,3,28,25,0,0,0,1
4,1,3,6,238,53,181156,3,1,3,3,1,0,1,0,0,0,83,12.8,1,22,19,2,1283,86,1
2,2,1,9,44,81,7751,1,3,1,4,0,1,0,1,0,0,71,12.1,1,33,23,0,0,0,1
3,3,2,6,254,74,43999,1,3,3,4,0,1,0,0,0,0,65,13.6,1,23,6,0,0,0,0
3,3,2,10,281,87,14908,3,3,2,2,0,0,1,1,0,0,116,13.3,1,38,16,0,0,0,1
3,5,1,15,350,64,155178,3,2,2,3,1,0,0,1,0,0,71,10.6,1,28,20,0,0,0,1
1,5,1,14,94,43,50245,2,3,2,2,0,0,0,1,1,1,116,13.1,3,35,7,0,0,0,1
4,9,2,12,139,24,143444,2,3,2,2,1,1,0,1,1,0,115,10.8,2,34,21,0,0,0,1
1,6,2,8,40,62,95749,3,3,1,4,1,0,1,0,0,0,72,10.9,3,21,7,0,0,0,0
2,1,1,2,195,51,170816,3,3,2,4,0,0,1,0,1,0,93,13.9,2,34,18,0,0,0,1
2,3,2,13,210,49,58138,2,1,3,1,0,0,0,0,1,0,100,10.1,3,23,15,0,0,0,1
2,3,2,11,261,18,64100,2,1,3,1,1,1,1,1,0,1,106,10.6,1,26,9,0,0,0,1
3,4,1,12,337,41,89997,1,3,1,1,0,1,0,0,1,1,88,12.9,1,31,10,0,0,0,1
3,5,3,12,321,83,24562,3,1,3,1,1,0,0,1,1,1,102,10.3,2,36,21,3,397,79,1
3,10,1,0,6,99,69403,1,2,2,3,0,0,0,1,0,1,100,10.2,2,27,17,0,0,0,0
3,4,3,11,150,99,79603,1,2,1,1,1,1,1,1,1,0,76,10.5,1,35,6,1,1086,78,1
4,4,2,15,85,79,182195,2,3,1,3,0,0,0,0,1,0,71,12.7,2,27,5,0,0,0,0
2,4,3,4,275,9,189323,2,3,2,4,0,0,1,1,1,0,79,12.6,3,39,16,3,305,92,1
1,6,2,2,345,88,194862,2,2,2,1,0,0,0,0,0,1,79,12.9,2,24,5,0,0,0,0
4,8,1,12,283,20,8557,1,3,2,4,0,1,1,1,1,0,81,10.7,2,24,8,0,0,0,1
4,6,2,0,241,19,148582,3,2,2,4,1,0,0,0,1,1,114,10.5,1,39,17,0,0,0,1
4,7,3,1,116,33,91123,3,1,3,1,1,1,1,0,1,1,66,11.3,1,31,11,2,918,72,1
3,1,3,6,346,16,168577,2,2,2,3,0,0,1,1,0,1,92,11.7,2,21,20,1,426,79,1
3,9,1,12,249,91,189022,2,2,1,3,0,0,1,0,0,1,93,12.3,1,24,8,0,0,0,1
3,9,3,10,51,15,94419,2,3,3,4,0,0,1,0,1,1,98,13.5,1,38,12,2,1344,63,1
1,9,3,12,75,81,32270,2,2,3,1,1,1,1,0,1,1,105,12.5,1,22,5,3,788,60,1
4,4,1,9,206,89,100861,2,2,2,2,0,0,1,0,1,1,60,11.4,1,24,19,0,0,0,1
4,5,1,14,151,58,150334,3,1,3,1,1,0,1,1,1,1,108,11.8,3,40,10,0,0,0,1
4,8,2,0,198,27,43324,1,1,1,4,0,0,1,1,0,1,79,13.0,1,35,20,0,0,0,1
1,6,3,15,78,50,84451,2,3,2,2,1,0,1,1,1,1,112,13.1,2,29,12,2,718,86,1
3,5,3,11,178,8,118745,1,2,3,4,0,0,0,0,1,0,106,12.1,1,27,20,1,1438,75,1
1,6,2,5,359,76,25884,3,2,3,3,0,0,1,1,1,1,63,12.8,3,24,25,0,0,0,1
4,6,2,10,213,39,44331,3,2,3,4,0,1,0,1,1,0,64,10.2,2,22,8,0,0,0,1
2,7,1,0,363,86,97714,1,1,2,1,0,1,1,0,0,1,104,12.2,3,21,25,0,0,0,1
4,8,3,11,241,67,191796,2,2,2,3,0,0,0,0,1,1,71,11.8,2,37,19,3,1448,98,1
2,6,2,1,352,46,98123,1,3,3,1,1,1,0,0,0,1,108,13.3,1,23,6,0,0,0,1
3,1,3,13,140,62,119732,2,2,2,3,1,1,1,1,1,0,69,10.3,1,26,18,1,382,91,1
2,5,3,13,340,15,68057,1,2,3,3,0,0,1,0,1,0,86,13.6,2,30,21,3,604,82,1
2,10,2,0,150,57,102935,3,3,1,3,0,0,0,0,0,0,77,11.5,3,30,9,0,0,0,0
2,9,1,14,221,3,132762,1,2,3,3,1,1,0,1,1,1,75,10.9,3,26,13,0,0,0,1
1,7,1,13,59,79,15322,3,2,1,1,1,1,1,0,1,1,63,13.8,2,28,15,0,0,0,1
4,2,1,9,296,7,37999,2,3,1,4,0,0,1,1,1,0,98,12.1,2,25,25,0,0,0,1
4,4,3,4,119,61,139930,3,1,1,3,1,0,1,1,0,1,63,13.6,1,39,24,1,126,90,1
1,8,3,1,98,97,92628,3,3,1,2,0,0,1,1,0,0,92,10.5,1,26,7,3,532,66,0
4,1,3,6,88,23,147304,2,3,2,1,1,1,1,0,1,1,87,12.5,3,22,22,3,1131,84,1
4,4,2,13,6,12,53259,3,1,1,4,1,1,1,0,0,1,66,12.6,3,23,20,0,0,0,1
4,1,1,10,111,47,183866,3,1,1,3,1,1,0,0,1,1,80,13.5,2,26,11,0,0,0,1
3,7,2,6,235,45,97652,3,3,2,4,0,1,1,1,1,0,99,12.4,3,21,17,0,0,0,1
2,9,3,13,296,99,161103,2,1,2,1,1,0,1,0,1,0,94,11.0,2,27,14,2,1366,97,1
1,2,3,0,204,31,8185,2,1,1,2,1,1,1,1,0,0,72,10.7,1,23,17,1,623,72,1
1,6,3,8,69,32,193377,3,1,3,4,1,0,1,0,0,1,116,12.0,1,37,23,1,1140,84,1
1,3,1,2,106,98,107144,3,3,1,2,1,0,0,1,1,1,73,10.2,3,20,19,0,0,0,1
1,9,2,15,115,92,198749,1,2,1,2,1,0,1,1,1,1,117,11.4,1,38,14,0,0,0,1
4,4,1,3,323,67,145367,3,2,3,1,0,0,0,1,0,1,76,11.8,1,28,19,0,0,0,1
3,10,2,14,270,6,68308,3,2,1,2,1,0,1,0,1,1,74,13.2,1,36,14,0,0,0,1
4,8,3,1,4,43,138804,2,1,2,2,0,1,1,1,1,1,62,12.8,3,29,7,2,1024,79,1
1,6,1,6,297,65,162423,1,3,2,1,0,0,0,1,0,1,112,13.7,1,37,6,0,0,0,1
3,2,1,12,162,67,38929,1,3,1,4,1,1,0,0,0,0,98,10.8,2,25,8,0,0,0,1
3,1,3,15,129,98,119368,2,1,2,1,0,0,0,0,1,1,95,12.8,1,38,15,1,268,60,1
4,6,3,1,145,82,64620,3,3,1,2,0,1,0,1,1,1,77,13.0,3,20,16,3,732,87,1
4,9,1,12,147,19,69363,2,3,2,1,0,1,0,1,1,1,69,10.8,3,37,8,0,0,0,1
2,5,3,10,190,32,111722,1,3,1,3,1,1,0,0,0,0,110,10.6,3,30,10,2,1483,61,1
4,2,3,12,233,4,106499,1,1,1,1,1,0,0,0,0,0,81,12.7,2,25,8,2,705,81,1
2,2,2,5,279,78,16442,3,2,2,3,1,1,1,0,0,0,101,11.6,1,28,10,0,0,0,1
4,8,1,7,267,82,77593,2,3,2,1,0,0,0,1,1,0,104,12.1,3,29,12,0,0,0,1
2,9,3,0,110,21,68264,3,2,2,2,0,0,0,0,1,1,72,10.5,1,33,8,3,1139,85,0
1,2,1,6,26,97,43614,1,2,3,4,0,1,0,0,1,0,116,12.4,2,30,14,0,0,0,1
1,8,2,0,160,83,60864,3,2,1,4,1,1,0,0,1,0,100,12.6,2,26,5,0,0,0,1
3,8,2,15,316,16,10040,1,3,3,3,0,1,1,1,0,1,119,10.0,2,34,25,0,0,0,1
2,8,1,15,175,86,49809,3,1,1,2,1,1,1,1,0,1,78,11.0,2,33,18,0,0,0,1
1,3,3,11,30,74,60411,1,1,2,2,1,0,0,1,1,1,87,10.1,3,28,5,3,117,97,1
3,9,2,4,115,63,45502,3,2,3,2,1,0,0,0,0,0,100,11.8,1,31,8,0,0,0,0
1,9,2,1,186,49,198222,1,1,1,3,1,0,1,1,1,1,95,11.1,2,25,19,0,0,0,1
1,4,2,9,147,54,20695,1,2,1,3,1,0,0,0,0,1,60,11.2,2,27,24,0,0,0,1
2,10,3,4,280,23,89088,3,3,2,2,0,0,1,0,1,1,62,12.9,3,29,5,3,1431,73,1
2,5,2,5,36,33,111458,1,3,2,4,0,0,1,0,0,0,71,12.4,1,35,25,0,0,0,0
2,7,3,12,29,5,184362,3,3,2,2,0,0,1,0,0,0,62,12.5,1,20,11,2,650,80,0
2,1,1,10,84,61,186392,2,2,2,1,0,0,0,0,1,1,91,11.0,3,34,10,0,0,0,1
4,1,3,6,176,46,92787,1,1,1,1,0,1,1,1,1,0,108,13.5,2,22,23,2,705,64,1
3,10,3,0,325,62,114433,2,3,1,2,1,1,0,0,0,0,117,11.2,1,38,19,2,1373,88,1
3,8,1,11,217,68,148991,1,3,3,3,0,0,1,0,0,0,84,11.5,3,40,20,0,0,0,1
3,6,2,6,60,7,76380,3,3,1,2,0,0,0,0,0,0,90,12.0,1,24,14,0,0,0,0
1,4,1,6,76,55,165712,1,2,3,2,0,1,0,1,0,0,87,13.2,1,23,16,0,0,0,0
2,7,3,8,290,42,159225,2,2,3,1,1,1,0,0,1,0,60,12.7,1,39,12,3,1191,98,1
1,2,3,12,252,69,55901,2,2,3,2,0,1,1,0,1,0,101,11.1,3,22,22,2,893,70,1
4,10,2,11,297,85,102630,2,2,2,3,0,0,1,0,1,0,76,13.0,2,23,21,0,0,0,1
1,8,3,5,315,27,137866,3,3,1,3,1,0,1,1,0,0,65,13.1,3,26,14,1,1491,99,1
3,10,3,12,8,1,29737,2,3,1,3,0,0,0,1,0,0,63,12.9,1,28,22,2,975,91,0
2,10,3,14,137,81,43191,1,1,3,2,0,1,1,0,0,0,60,12.2,2,20,16,1,663,87,1
1,4,3,6,76,92,19368,3,1,2,3,1,1,1,1,1,0,88,13.8,1,32,11,1,718,81,1
3,10,1,6,270,8,147942,3,2,3,4,0,0,1,1,1,1,94,13.9,1,29,15,0,0,0,1
4,3,3,6,320,50,128200,1,3,1,4,1,1,0,1,0,1,66,11.5,1,39,22,3,1016,75,1
4,6,2,10,271,15,72851,1,2,3,4,1,1,0,0,1,0,68,12.0,3,22,8,0,0,0,1
3,4,1,13,306,80,41549,3,3,3,1,1,0,0,1,0,0,112,11.0,3,37,11,0,0,0,1
4,10,3,4,124,90,132040,3,2,3,2,0,0,0,1,1,1,75,12.9,3,39,18,3,528,100,1
1,5,3,11,287,25,74291,1,3,2,1,0,0,1,0,0,0,66,12.2,2,24,25,1,120,88,1
1,3,3,1,19,8,66456,2,3,1,1,1,1,0,0,0,0,92,13.9,1,37,5,3,1361,69,0
1,3,2,10,249,6,135094,2,1,1,1,1,1,1,1,0,1,77,11.9,2,23,12,0,0,0,1
4,7,2,2,249,34,52324,1,2,3,2,1,1,0,0,0,0,91,10.3,1,32,17,0,0,0,1
